Workbook

Sheet Start here
A1: Expense Tracker
A2: Free template · templates.snoutsmith.com
B4: WHAT IT DOES
B5: Log expenses with a category dropdown and see totals by category and by month for the whole year, with a chart.
B7: HOW TO USE
B8: 1. Add each expense on Expenses: date, category, amount, payment method.
B9: 2. Summary fills in totals per category and month automatically.
B10: 3. Edit the category list on Summary column A.
B12: GOOD TO KNOW
B13: • Works for any currency – change the number format if you like.
B14: • Delete the sample rows (5–104) to start fresh.
B16: Tinted cells are yours to type in. Grey numbers are formulas – leave them. Works in Google Sheets (File → Import or open the .xlsx) and Excel, free plans, no add-ons or scripts.

Sheet Summary
A1: Summary
A2: 2026 by category and month
A4: Category | B4: Jan | C4: Feb | D4: Mar | E4: Apr | F4: May | G4: Jun | H4: Jul | I4: Aug | J4: Sep | K4: Oct | L4: Nov | M4: Dec | N4: Year
A5: Housing | B5: =SUMIFS(Expenses!$C$5:$C$1000,Expenses!$B$5:$B$1000,$A5,Expenses!$A$5:$A$1000,">="&DATE(2026,1,1),Expenses!$A$5:$A$1000,"<"&DATE(2026,2,1)) | C5: =SUMIFS(Expenses!$C$5:$C$1000,Expenses!$B$5:$B$1000,$A5,Expenses!$A$5:$A$1000,">="&DATE(2026,2,1),Expenses!$A$5:$A$1000,"<"&DATE(2026,3,1)) | D5: =SUMIFS(Expenses!$C$5:$C$1000,Expenses!$B$5:$B$1000,$A5,Expenses!$A$5:$A$1000,">="&DATE(2026,3,1),Expenses!$A$5:$A$1000,"<"&DATE(2026,4,1)) | E5: =SUMIFS(Expenses!$C$5:$C$1000,Expenses!$B$5:$B$1000,$A5,Expenses!$A$5:$A$1000,">="&DATE(2026,4,1),Expenses!$A$5:$A$1000,"<"&DATE(2026,5,1)) | F5: =SUMIFS(Expenses!$C$5:$C$1000,Expenses!$B$5:$B$1000,$A5,Expenses!$A$5:$A$1000,">="&DATE(2026,5,1),Expenses!$A$5:$A$1000,"<"&DATE(2026,6,1)) | G5: =SUMIFS(Expenses!$C$5:$C$1000,Expenses!$B$5:$B$1000,$A5,Expenses!$A$5:$A$1000,">="&DATE(2026,6,1),Expenses!$A$5:$A$1000,"<"&DATE(2026,7,1)) | H5: =SUMIFS(Expenses!$C$5:$C$1000,Expenses!$B$5:$B$1000,$A5,Expenses!$A$5:$A$1000,">="&DATE(2026,7,1),Expenses!$A$5:$A$1000,"<"&DATE(2026,8,1)) | I5: =SUMIFS(Expenses!$C$5:$C$1000,Expenses!$B$5:$B$1000,$A5,Expenses!$A$5:$A$1000,">="&DATE(2026,8,1),Expenses!$A$5:$A$1000,"<"&DATE(2026,9,1)) | J5: =SUMIFS(Expenses!$C$5:$C$1000,Expenses!$B$5:$B$1000,$A5,Expenses!$A$5:$A$1000,">="&DATE(2026,9,1),Expenses!$A$5:$A$1000,"<"&DATE(2026,10,1)) | K5: =SUMIFS(Expenses!$C$5:$C$1000,Expenses!$B$5:$B$1000,$A5,Expenses!$A$5:$A$1000,">="&DATE(2026,10,1),Expenses!$A$5:$A$1000,"<"&DATE(2026,11,1)) | L5: =SUMIFS(Expenses!$C$5:$C$1000,Expenses!$B$5:$B$1000,$A5,Expenses!$A$5:$A$1000,">="&DATE(2026,11,1),Expenses!$A$5:$A$1000,"<"&DATE(2026,12,1)) | M5: =SUMIFS(Expenses!$C$5:$C$1000,Expenses!$B$5:$B$1000,$A5,Expenses!$A$5:$A$1000,">="&DATE(2026,12,1),Expenses!$A$5:$A$1000,"<"&DATE(2027,1,1)) | N5: =SUM(B5:M5)
A6: Food | B6: =SUMIFS(Expenses!$C$5:$C$1000,Expenses!$B$5:$B$1000,$A6,Expenses!$A$5:$A$1000,">="&DATE(2026,1,1),Expenses!$A$5:$A$1000,"<"&DATE(2026,2,1)) | C6: =SUMIFS(Expenses!$C$5:$C$1000,Expenses!$B$5:$B$1000,$A6,Expenses!$A$5:$A$1000,">="&DATE(2026,2,1),Expenses!$A$5:$A$1000,"<"&DATE(2026,3,1)) | D6: =SUMIFS(Expenses!$C$5:$C$1000,Expenses!$B$5:$B$1000,$A6,Expenses!$A$5:$A$1000,">="&DATE(2026,3,1),Expenses!$A$5:$A$1000,"<"&DATE(2026,4,1)) | E6: =SUMIFS(Expenses!$C$5:$C$1000,Expenses!$B$5:$B$1000,$A6,Expenses!$A$5:$A$1000,">="&DATE(2026,4,1),Expenses!$A$5:$A$1000,"<"&DATE(2026,5,1)) | F6: =SUMIFS(Expenses!$C$5:$C$1000,Expenses!$B$5:$B$1000,$A6,Expenses!$A$5:$A$1000,">="&DATE(2026,5,1),Expenses!$A$5:$A$1000,"<"&DATE(2026,6,1)) | G6: =SUMIFS(Expenses!$C$5:$C$1000,Expenses!$B$5:$B$1000,$A6,Expenses!$A$5:$A$1000,">="&DATE(2026,6,1),Expenses!$A$5:$A$1000,"<"&DATE(2026,7,1)) | H6: =SUMIFS(Expenses!$C$5:$C$1000,Expenses!$B$5:$B$1000,$A6,Expenses!$A$5:$A$1000,">="&DATE(2026,7,1),Expenses!$A$5:$A$1000,"<"&DATE(2026,8,1)) | I6: =SUMIFS(Expenses!$C$5:$C$1000,Expenses!$B$5:$B$1000,$A6,Expenses!$A$5:$A$1000,">="&DATE(2026,8,1),Expenses!$A$5:$A$1000,"<"&DATE(2026,9,1)) | J6: =SUMIFS(Expenses!$C$5:$C$1000,Expenses!$B$5:$B$1000,$A6,Expenses!$A$5:$A$1000,">="&DATE(2026,9,1),Expenses!$A$5:$A$1000,"<"&DATE(2026,10,1)) | K6: =SUMIFS(Expenses!$C$5:$C$1000,Expenses!$B$5:$B$1000,$A6,Expenses!$A$5:$A$1000,">="&DATE(2026,10,1),Expenses!$A$5:$A$1000,"<"&DATE(2026,11,1)) | L6: =SUMIFS(Expenses!$C$5:$C$1000,Expenses!$B$5:$B$1000,$A6,Expenses!$A$5:$A$1000,">="&DATE(2026,11,1),Expenses!$A$5:$A$1000,"<"&DATE(2026,12,1)) | M6: =SUMIFS(Expenses!$C$5:$C$1000,Expenses!$B$5:$B$1000,$A6,Expenses!$A$5:$A$1000,">="&DATE(2026,12,1),Expenses!$A$5:$A$1000,"<"&DATE(2027,1,1)) | N6: =SUM(B6:M6)
A7: Transport | B7: =SUMIFS(Expenses!$C$5:$C$1000,Expenses!$B$5:$B$1000,$A7,Expenses!$A$5:$A$1000,">="&DATE(2026,1,1),Expenses!$A$5:$A$1000,"<"&DATE(2026,2,1)) | C7: =SUMIFS(Expenses!$C$5:$C$1000,Expenses!$B$5:$B$1000,$A7,Expenses!$A$5:$A$1000,">="&DATE(2026,2,1),Expenses!$A$5:$A$1000,"<"&DATE(2026,3,1)) | D7: =SUMIFS(Expenses!$C$5:$C$1000,Expenses!$B$5:$B$1000,$A7,Expenses!$A$5:$A$1000,">="&DATE(2026,3,1),Expenses!$A$5:$A$1000,"<"&DATE(2026,4,1)) | E7: =SUMIFS(Expenses!$C$5:$C$1000,Expenses!$B$5:$B$1000,$A7,Expenses!$A$5:$A$1000,">="&DATE(2026,4,1),Expenses!$A$5:$A$1000,"<"&DATE(2026,5,1)) | F7: =SUMIFS(Expenses!$C$5:$C$1000,Expenses!$B$5:$B$1000,$A7,Expenses!$A$5:$A$1000,">="&DATE(2026,5,1),Expenses!$A$5:$A$1000,"<"&DATE(2026,6,1)) | G7: =SUMIFS(Expenses!$C$5:$C$1000,Expenses!$B$5:$B$1000,$A7,Expenses!$A$5:$A$1000,">="&DATE(2026,6,1),Expenses!$A$5:$A$1000,"<"&DATE(2026,7,1)) | H7: =SUMIFS(Expenses!$C$5:$C$1000,Expenses!$B$5:$B$1000,$A7,Expenses!$A$5:$A$1000,">="&DATE(2026,7,1),Expenses!$A$5:$A$1000,"<"&DATE(2026,8,1)) | I7: =SUMIFS(Expenses!$C$5:$C$1000,Expenses!$B$5:$B$1000,$A7,Expenses!$A$5:$A$1000,">="&DATE(2026,8,1),Expenses!$A$5:$A$1000,"<"&DATE(2026,9,1)) | J7: =SUMIFS(Expenses!$C$5:$C$1000,Expenses!$B$5:$B$1000,$A7,Expenses!$A$5:$A$1000,">="&DATE(2026,9,1),Expenses!$A$5:$A$1000,"<"&DATE(2026,10,1)) | K7: =SUMIFS(Expenses!$C$5:$C$1000,Expenses!$B$5:$B$1000,$A7,Expenses!$A$5:$A$1000,">="&DATE(2026,10,1),Expenses!$A$5:$A$1000,"<"&DATE(2026,11,1)) | L7: =SUMIFS(Expenses!$C$5:$C$1000,Expenses!$B$5:$B$1000,$A7,Expenses!$A$5:$A$1000,">="&DATE(2026,11,1),Expenses!$A$5:$A$1000,"<"&DATE(2026,12,1)) | M7: =SUMIFS(Expenses!$C$5:$C$1000,Expenses!$B$5:$B$1000,$A7,Expenses!$A$5:$A$1000,">="&DATE(2026,12,1),Expenses!$A$5:$A$1000,"<"&DATE(2027,1,1)) | N7: =SUM(B7:M7)
A8: Health | B8: =SUMIFS(Expenses!$C$5:$C$1000,Expenses!$B$5:$B$1000,$A8,Expenses!$A$5:$A$1000,">="&DATE(2026,1,1),Expenses!$A$5:$A$1000,"<"&DATE(2026,2,1)) | C8: =SUMIFS(Expenses!$C$5:$C$1000,Expenses!$B$5:$B$1000,$A8,Expenses!$A$5:$A$1000,">="&DATE(2026,2,1),Expenses!$A$5:$A$1000,"<"&DATE(2026,3,1)) | D8: =SUMIFS(Expenses!$C$5:$C$1000,Expenses!$B$5:$B$1000,$A8,Expenses!$A$5:$A$1000,">="&DATE(2026,3,1),Expenses!$A$5:$A$1000,"<"&DATE(2026,4,1)) | E8: =SUMIFS(Expenses!$C$5:$C$1000,Expenses!$B$5:$B$1000,$A8,Expenses!$A$5:$A$1000,">="&DATE(2026,4,1),Expenses!$A$5:$A$1000,"<"&DATE(2026,5,1)) | F8: =SUMIFS(Expenses!$C$5:$C$1000,Expenses!$B$5:$B$1000,$A8,Expenses!$A$5:$A$1000,">="&DATE(2026,5,1),Expenses!$A$5:$A$1000,"<"&DATE(2026,6,1)) | G8: =SUMIFS(Expenses!$C$5:$C$1000,Expenses!$B$5:$B$1000,$A8,Expenses!$A$5:$A$1000,">="&DATE(2026,6,1),Expenses!$A$5:$A$1000,"<"&DATE(2026,7,1)) | H8: =SUMIFS(Expenses!$C$5:$C$1000,Expenses!$B$5:$B$1000,$A8,Expenses!$A$5:$A$1000,">="&DATE(2026,7,1),Expenses!$A$5:$A$1000,"<"&DATE(2026,8,1)) | I8: =SUMIFS(Expenses!$C$5:$C$1000,Expenses!$B$5:$B$1000,$A8,Expenses!$A$5:$A$1000,">="&DATE(2026,8,1),Expenses!$A$5:$A$1000,"<"&DATE(2026,9,1)) | J8: =SUMIFS(Expenses!$C$5:$C$1000,Expenses!$B$5:$B$1000,$A8,Expenses!$A$5:$A$1000,">="&DATE(2026,9,1),Expenses!$A$5:$A$1000,"<"&DATE(2026,10,1)) | K8: =SUMIFS(Expenses!$C$5:$C$1000,Expenses!$B$5:$B$1000,$A8,Expenses!$A$5:$A$1000,">="&DATE(2026,10,1),Expenses!$A$5:$A$1000,"<"&DATE(2026,11,1)) | L8: =SUMIFS(Expenses!$C$5:$C$1000,Expenses!$B$5:$B$1000,$A8,Expenses!$A$5:$A$1000,">="&DATE(2026,11,1),Expenses!$A$5:$A$1000,"<"&DATE(2026,12,1)) | M8: =SUMIFS(Expenses!$C$5:$C$1000,Expenses!$B$5:$B$1000,$A8,Expenses!$A$5:$A$1000,">="&DATE(2026,12,1),Expenses!$A$5:$A$1000,"<"&DATE(2027,1,1)) | N8: =SUM(B8:M8)
A9: Fun | B9: =SUMIFS(Expenses!$C$5:$C$1000,Expenses!$B$5:$B$1000,$A9,Expenses!$A$5:$A$1000,">="&DATE(2026,1,1),Expenses!$A$5:$A$1000,"<"&DATE(2026,2,1)) | C9: =SUMIFS(Expenses!$C$5:$C$1000,Expenses!$B$5:$B$1000,$A9,Expenses!$A$5:$A$1000,">="&DATE(2026,2,1),Expenses!$A$5:$A$1000,"<"&DATE(2026,3,1)) | D9: =SUMIFS(Expenses!$C$5:$C$1000,Expenses!$B$5:$B$1000,$A9,Expenses!$A$5:$A$1000,">="&DATE(2026,3,1),Expenses!$A$5:$A$1000,"<"&DATE(2026,4,1)) | E9: =SUMIFS(Expenses!$C$5:$C$1000,Expenses!$B$5:$B$1000,$A9,Expenses!$A$5:$A$1000,">="&DATE(2026,4,1),Expenses!$A$5:$A$1000,"<"&DATE(2026,5,1)) | F9: =SUMIFS(Expenses!$C$5:$C$1000,Expenses!$B$5:$B$1000,$A9,Expenses!$A$5:$A$1000,">="&DATE(2026,5,1),Expenses!$A$5:$A$1000,"<"&DATE(2026,6,1)) | G9: =SUMIFS(Expenses!$C$5:$C$1000,Expenses!$B$5:$B$1000,$A9,Expenses!$A$5:$A$1000,">="&DATE(2026,6,1),Expenses!$A$5:$A$1000,"<"&DATE(2026,7,1)) | H9: =SUMIFS(Expenses!$C$5:$C$1000,Expenses!$B$5:$B$1000,$A9,Expenses!$A$5:$A$1000,">="&DATE(2026,7,1),Expenses!$A$5:$A$1000,"<"&DATE(2026,8,1)) | I9: =SUMIFS(Expenses!$C$5:$C$1000,Expenses!$B$5:$B$1000,$A9,Expenses!$A$5:$A$1000,">="&DATE(2026,8,1),Expenses!$A$5:$A$1000,"<"&DATE(2026,9,1)) | J9: =SUMIFS(Expenses!$C$5:$C$1000,Expenses!$B$5:$B$1000,$A9,Expenses!$A$5:$A$1000,">="&DATE(2026,9,1),Expenses!$A$5:$A$1000,"<"&DATE(2026,10,1)) | K9: =SUMIFS(Expenses!$C$5:$C$1000,Expenses!$B$5:$B$1000,$A9,Expenses!$A$5:$A$1000,">="&DATE(2026,10,1),Expenses!$A$5:$A$1000,"<"&DATE(2026,11,1)) | L9: =SUMIFS(Expenses!$C$5:$C$1000,Expenses!$B$5:$B$1000,$A9,Expenses!$A$5:$A$1000,">="&DATE(2026,11,1),Expenses!$A$5:$A$1000,"<"&DATE(2026,12,1)) | M9: =SUMIFS(Expenses!$C$5:$C$1000,Expenses!$B$5:$B$1000,$A9,Expenses!$A$5:$A$1000,">="&DATE(2026,12,1),Expenses!$A$5:$A$1000,"<"&DATE(2027,1,1)) | N9: =SUM(B9:M9)
A10: Shopping | B10: =SUMIFS(Expenses!$C$5:$C$1000,Expenses!$B$5:$B$1000,$A10,Expenses!$A$5:$A$1000,">="&DATE(2026,1,1),Expenses!$A$5:$A$1000,"<"&DATE(2026,2,1)) | C10: =SUMIFS(Expenses!$C$5:$C$1000,Expenses!$B$5:$B$1000,$A10,Expenses!$A$5:$A$1000,">="&DATE(2026,2,1),Expenses!$A$5:$A$1000,"<"&DATE(2026,3,1)) | D10: =SUMIFS(Expenses!$C$5:$C$1000,Expenses!$B$5:$B$1000,$A10,Expenses!$A$5:$A$1000,">="&DATE(2026,3,1),Expenses!$A$5:$A$1000,"<"&DATE(2026,4,1)) | E10: =SUMIFS(Expenses!$C$5:$C$1000,Expenses!$B$5:$B$1000,$A10,Expenses!$A$5:$A$1000,">="&DATE(2026,4,1),Expenses!$A$5:$A$1000,"<"&DATE(2026,5,1)) | F10: =SUMIFS(Expenses!$C$5:$C$1000,Expenses!$B$5:$B$1000,$A10,Expenses!$A$5:$A$1000,">="&DATE(2026,5,1),Expenses!$A$5:$A$1000,"<"&DATE(2026,6,1)) | G10: =SUMIFS(Expenses!$C$5:$C$1000,Expenses!$B$5:$B$1000,$A10,Expenses!$A$5:$A$1000,">="&DATE(2026,6,1),Expenses!$A$5:$A$1000,"<"&DATE(2026,7,1)) | H10: =SUMIFS(Expenses!$C$5:$C$1000,Expenses!$B$5:$B$1000,$A10,Expenses!$A$5:$A$1000,">="&DATE(2026,7,1),Expenses!$A$5:$A$1000,"<"&DATE(2026,8,1)) | I10: =SUMIFS(Expenses!$C$5:$C$1000,Expenses!$B$5:$B$1000,$A10,Expenses!$A$5:$A$1000,">="&DATE(2026,8,1),Expenses!$A$5:$A$1000,"<"&DATE(2026,9,1)) | J10: =SUMIFS(Expenses!$C$5:$C$1000,Expenses!$B$5:$B$1000,$A10,Expenses!$A$5:$A$1000,">="&DATE(2026,9,1),Expenses!$A$5:$A$1000,"<"&DATE(2026,10,1)) | K10: =SUMIFS(Expenses!$C$5:$C$1000,Expenses!$B$5:$B$1000,$A10,Expenses!$A$5:$A$1000,">="&DATE(2026,10,1),Expenses!$A$5:$A$1000,"<"&DATE(2026,11,1)) | L10: =SUMIFS(Expenses!$C$5:$C$1000,Expenses!$B$5:$B$1000,$A10,Expenses!$A$5:$A$1000,">="&DATE(2026,11,1),Expenses!$A$5:$A$1000,"<"&DATE(2026,12,1)) | M10: =SUMIFS(Expenses!$C$5:$C$1000,Expenses!$B$5:$B$1000,$A10,Expenses!$A$5:$A$1000,">="&DATE(2026,12,1),Expenses!$A$5:$A$1000,"<"&DATE(2027,1,1)) | N10: =SUM(B10:M10)
A11: Bills | B11: =SUMIFS(Expenses!$C$5:$C$1000,Expenses!$B$5:$B$1000,$A11,Expenses!$A$5:$A$1000,">="&DATE(2026,1,1),Expenses!$A$5:$A$1000,"<"&DATE(2026,2,1)) | C11: =SUMIFS(Expenses!$C$5:$C$1000,Expenses!$B$5:$B$1000,$A11,Expenses!$A$5:$A$1000,">="&DATE(2026,2,1),Expenses!$A$5:$A$1000,"<"&DATE(2026,3,1)) | D11: =SUMIFS(Expenses!$C$5:$C$1000,Expenses!$B$5:$B$1000,$A11,Expenses!$A$5:$A$1000,">="&DATE(2026,3,1),Expenses!$A$5:$A$1000,"<"&DATE(2026,4,1)) | E11: =SUMIFS(Expenses!$C$5:$C$1000,Expenses!$B$5:$B$1000,$A11,Expenses!$A$5:$A$1000,">="&DATE(2026,4,1),Expenses!$A$5:$A$1000,"<"&DATE(2026,5,1)) | F11: =SUMIFS(Expenses!$C$5:$C$1000,Expenses!$B$5:$B$1000,$A11,Expenses!$A$5:$A$1000,">="&DATE(2026,5,1),Expenses!$A$5:$A$1000,"<"&DATE(2026,6,1)) | G11: =SUMIFS(Expenses!$C$5:$C$1000,Expenses!$B$5:$B$1000,$A11,Expenses!$A$5:$A$1000,">="&DATE(2026,6,1),Expenses!$A$5:$A$1000,"<"&DATE(2026,7,1)) | H11: =SUMIFS(Expenses!$C$5:$C$1000,Expenses!$B$5:$B$1000,$A11,Expenses!$A$5:$A$1000,">="&DATE(2026,7,1),Expenses!$A$5:$A$1000,"<"&DATE(2026,8,1)) | I11: =SUMIFS(Expenses!$C$5:$C$1000,Expenses!$B$5:$B$1000,$A11,Expenses!$A$5:$A$1000,">="&DATE(2026,8,1),Expenses!$A$5:$A$1000,"<"&DATE(2026,9,1)) | J11: =SUMIFS(Expenses!$C$5:$C$1000,Expenses!$B$5:$B$1000,$A11,Expenses!$A$5:$A$1000,">="&DATE(2026,9,1),Expenses!$A$5:$A$1000,"<"&DATE(2026,10,1)) | K11: =SUMIFS(Expenses!$C$5:$C$1000,Expenses!$B$5:$B$1000,$A11,Expenses!$A$5:$A$1000,">="&DATE(2026,10,1),Expenses!$A$5:$A$1000,"<"&DATE(2026,11,1)) | L11: =SUMIFS(Expenses!$C$5:$C$1000,Expenses!$B$5:$B$1000,$A11,Expenses!$A$5:$A$1000,">="&DATE(2026,11,1),Expenses!$A$5:$A$1000,"<"&DATE(2026,12,1)) | M11: =SUMIFS(Expenses!$C$5:$C$1000,Expenses!$B$5:$B$1000,$A11,Expenses!$A$5:$A$1000,">="&DATE(2026,12,1),Expenses!$A$5:$A$1000,"<"&DATE(2027,1,1)) | N11: =SUM(B11:M11)
A12: Other | B12: =SUMIFS(Expenses!$C$5:$C$1000,Expenses!$B$5:$B$1000,$A12,Expenses!$A$5:$A$1000,">="&DATE(2026,1,1),Expenses!$A$5:$A$1000,"<"&DATE(2026,2,1)) | C12: =SUMIFS(Expenses!$C$5:$C$1000,Expenses!$B$5:$B$1000,$A12,Expenses!$A$5:$A$1000,">="&DATE(2026,2,1),Expenses!$A$5:$A$1000,"<"&DATE(2026,3,1)) | D12: =SUMIFS(Expenses!$C$5:$C$1000,Expenses!$B$5:$B$1000,$A12,Expenses!$A$5:$A$1000,">="&DATE(2026,3,1),Expenses!$A$5:$A$1000,"<"&DATE(2026,4,1)) | E12: =SUMIFS(Expenses!$C$5:$C$1000,Expenses!$B$5:$B$1000,$A12,Expenses!$A$5:$A$1000,">="&DATE(2026,4,1),Expenses!$A$5:$A$1000,"<"&DATE(2026,5,1)) | F12: =SUMIFS(Expenses!$C$5:$C$1000,Expenses!$B$5:$B$1000,$A12,Expenses!$A$5:$A$1000,">="&DATE(2026,5,1),Expenses!$A$5:$A$1000,"<"&DATE(2026,6,1)) | G12: =SUMIFS(Expenses!$C$5:$C$1000,Expenses!$B$5:$B$1000,$A12,Expenses!$A$5:$A$1000,">="&DATE(2026,6,1),Expenses!$A$5:$A$1000,"<"&DATE(2026,7,1)) | H12: =SUMIFS(Expenses!$C$5:$C$1000,Expenses!$B$5:$B$1000,$A12,Expenses!$A$5:$A$1000,">="&DATE(2026,7,1),Expenses!$A$5:$A$1000,"<"&DATE(2026,8,1)) | I12: =SUMIFS(Expenses!$C$5:$C$1000,Expenses!$B$5:$B$1000,$A12,Expenses!$A$5:$A$1000,">="&DATE(2026,8,1),Expenses!$A$5:$A$1000,"<"&DATE(2026,9,1)) | J12: =SUMIFS(Expenses!$C$5:$C$1000,Expenses!$B$5:$B$1000,$A12,Expenses!$A$5:$A$1000,">="&DATE(2026,9,1),Expenses!$A$5:$A$1000,"<"&DATE(2026,10,1)) | K12: =SUMIFS(Expenses!$C$5:$C$1000,Expenses!$B$5:$B$1000,$A12,Expenses!$A$5:$A$1000,">="&DATE(2026,10,1),Expenses!$A$5:$A$1000,"<"&DATE(2026,11,1)) | L12: =SUMIFS(Expenses!$C$5:$C$1000,Expenses!$B$5:$B$1000,$A12,Expenses!$A$5:$A$1000,">="&DATE(2026,11,1),Expenses!$A$5:$A$1000,"<"&DATE(2026,12,1)) | M12: =SUMIFS(Expenses!$C$5:$C$1000,Expenses!$B$5:$B$1000,$A12,Expenses!$A$5:$A$1000,">="&DATE(2026,12,1),Expenses!$A$5:$A$1000,"<"&DATE(2027,1,1)) | N12: =SUM(B12:M12)
A13: Total | B13: =SUM(B5:B12) | C13: =SUM(C5:C12) | D13: =SUM(D5:D12) | E13: =SUM(E5:E12) | F13: =SUM(F5:F12) | G13: =SUM(G5:G12) | H13: =SUM(H5:H12) | I13: =SUM(I5:I12) | ... N13: =SUM(N5:N12)

Sheet Expenses
A1: Expenses
A2: One line per expense
A4: Date | B4: Category | C4: Amount | D4: Paid with | E4: Note
A5: 46023 | B5: Other | C5: 111.93 | D5: Cash
A6: 46030 | B6: Transport | C6: 36.76 | D6: Transfer
A7: 46037 | B7: Housing | C7: 63.55 | D7: Cash
A8: 46044 | B8: Food | C8: 62.79 | D8: Transfer
A9: 46023 | B9: Housing | C9: 132.16 | D9: Card
A10: 46030 | B10: Other | C10: 171.42 | D10: Cash
A11: 46037 | B11: Transport | C11: 33.64 | D11: Card
A12: 46044 | B12: Food | C12: 27.31 | D12: Transfer
A13: 46023 | B13: Food | C13: 140.26 | D13: Cash
A14: 46030 | B14: Food | C14: 165.74 | D14: Card
A15: 46068 | B15: Health | C15: 131.72 | D15: Cash
A16: 46075 | B16: Food | C16: 139.97 | D16: Card
... A104: 46317 | B104: Food | C104: 9.19 | D104: Cash
