Workbook

Sheet Start here
A1: Savings Goals Tracker
A2: Free template · templates.snoutsmith.com
B4: WHAT IT DOES
B5: Track several savings goals: target, saved so far, monthly amount, % reached and the month you will hit each goal.
B7: HOW TO USE
B8: 1. List your goals with a target amount and target date.
B9: 2. Log every deposit on the Deposits sheet.
B10: 3. Goals shows progress, what to save each month and the expected finish.
B12: GOOD TO KNOW
B13: • Expected finish assumes your average monthly deposit so far keeps going.
B14: • Delete sample deposits (rows 5–36) to start fresh.
B16: Tinted cells are yours to type in. Grey numbers are formulas – leave them. Works in Google Sheets (File → Import or open the .xlsx) and Excel, free plans, no add-ons or scripts.

Sheet Goals
A1: Goals
A2: Today's date drives the months left
A3: Today | B3: =TODAY()
A5: Goal | B5: Target | C5: Target date | D5: Saved | E5: % reached | F5: Months left | G5: Save per month | H5: Months to finish
A6: Emergency fund | B6: 10000 | C6: 46752 | D6: =SUMIFS(Deposits!$C$5:$C$500,Deposits!$B$5:$B$500,A6) | E6: =IF(B6=0,0,MIN(1,D6/B6)) | F6: =MAX(0,ROUND((C6-$B$3)/30.44,0)) | G6: =IF(F6=0,MAX(0,B6-D6),MAX(0,B6-D6)/F6) | H6: =IF(D6>=B6,0,IFERROR(ROUND((B6-D6)/(D6/MAX(1,COUNTIFS(Deposits!$B$5:$B$500,A6))),0),"–"))
A7: Vacation | B7: 3000 | C7: 46568 | D7: =SUMIFS(Deposits!$C$5:$C$500,Deposits!$B$5:$B$500,A7) | E7: =IF(B7=0,0,MIN(1,D7/B7)) | F7: =MAX(0,ROUND((C7-$B$3)/30.44,0)) | G7: =IF(F7=0,MAX(0,B7-D7),MAX(0,B7-D7)/F7) | H7: =IF(D7>=B7,0,IFERROR(ROUND((B7-D7)/(D7/MAX(1,COUNTIFS(Deposits!$B$5:$B$500,A7))),0),"–"))
A8: New laptop | B8: 1800 | C8: 46477 | D8: =SUMIFS(Deposits!$C$5:$C$500,Deposits!$B$5:$B$500,A8) | E8: =IF(B8=0,0,MIN(1,D8/B8)) | F8: =MAX(0,ROUND((C8-$B$3)/30.44,0)) | G8: =IF(F8=0,MAX(0,B8-D8),MAX(0,B8-D8)/F8) | H8: =IF(D8>=B8,0,IFERROR(ROUND((B8-D8)/(D8/MAX(1,COUNTIFS(Deposits!$B$5:$B$500,A8))),0),"–"))
A9: Car down payment | B9: 6000 | C9: 46934 | D9: =SUMIFS(Deposits!$C$5:$C$500,Deposits!$B$5:$B$500,A9) | E9: =IF(B9=0,0,MIN(1,D9/B9)) | F9: =MAX(0,ROUND((C9-$B$3)/30.44,0)) | G9: =IF(F9=0,MAX(0,B9-D9),MAX(0,B9-D9)/F9) | H9: =IF(D9>=B9,0,IFERROR(ROUND((B9-D9)/(D9/MAX(1,COUNTIFS(Deposits!$B$5:$B$500,A9))),0),"–"))
A10: Holiday gifts | B10: 800 | C10: 46371 | D10: =SUMIFS(Deposits!$C$5:$C$500,Deposits!$B$5:$B$500,A10) | E10: =IF(B10=0,0,MIN(1,D10/B10)) | F10: =MAX(0,ROUND((C10-$B$3)/30.44,0)) | G10: =IF(F10=0,MAX(0,B10-D10),MAX(0,B10-D10)/F10) | H10: =IF(D10>=B10,0,IFERROR(ROUND((B10-D10)/(D10/MAX(1,COUNTIFS(Deposits!$B$5:$B$500,A10))),0),"–"))

Sheet Deposits
A1: Deposits
A2: One line per deposit
A4: Date | B4: Goal | C4: Amount
A5: 46082 | B5: Emergency fund | C5: 150
A6: 46085 | B6: Vacation | C6: 200
A7: 46088 | B7: New laptop | C7: 150
A8: 46091 | B8: Car down payment | C8: 150
A9: 46094 | B9: Holiday gifts | C9: 200
A10: 46128 | B10: Emergency fund | C10: 200
A11: 46131 | B11: Vacation | C11: 75
A12: 46134 | B12: New laptop | C12: 75
A13: 46137 | B13: Car down payment | C13: 200
A14: 46113 | B14: Holiday gifts | C14: 150
A15: 46146 | B15: Emergency fund | C15: 250
A16: 46149 | B16: Vacation | C16: 200
... A36: 46278 | B36: Vacation | C36: 50
